序号,学校名称,学校标识码,主管部门,所在地,办学层次,备注
1,北京大学,4111010001,教育部,北京市,本科,
2,中国人民大学,4111010002,教育部,北京市,本科,
3,清华大学,4111010003,教育部,北京市,本科,
4,北京交通大学,4111010004,教育部,北京市,本科,
5,北京工业大学,4111010005,北京市,北京市,本科,
6,北京航空航天大学,4111010006,工业和信息化部,北京市,本科,
7,北京理工大学,4111010007,工业和信息化部,北京市,本科,
8,北京科技大学,4111010008,教育部,北京市,本科,
9,北方工业大学,4111010009,北京市,北京市,本科,
10,北京化工大学,4111010010,教育部,北京市,本科,
11,北京工商大学,4111010011,北京市,北京市,本科,
12,北京服装学院,4111010012,北京市,北京市,本科,
13,北京邮电大学,4111010013,教育部,北京市,本科,
14,北京印刷学院,4111010015,北京市,北京市,本科,
15,北京建筑大学,4111010016,北京市,北京市,本科,
16,北京石油化工学院,4111010017,北京市,北京市,本科,
17,北京电子科技学院,4111010018,中央办公厅,北京市,本科,
18,中国农业大学,4111010019,教育部,北京市,本科,
19,北京农学院,4111010020,北京市,北京市,本科,
20,北京林业大学,4111010022,教育部,北京市,本科,
21,北京协和医学院,4111010023,国家卫生健康委员会,北京市,本科,
22,首都医科大学,4111010025,北京市,北京市,本科,
23,北京中医药大学,4111010026,教育部,北京市,本科,
24,北京师范大学,4111010027,教育部,北京市,本科,
25,首都师范大学,4111010028,北京市,北京市,本科,
26,首都体育学院,4111010029,北京市,北京市,本科,
27,北京外国语大学,4111010030,教育部,北京市,本科,
28,北京第二外国语学院,4111010031,北京市,北京市,本科,
29,北京语言大学,4111010032,教育部,北京市,本科,
30,中国传媒大学,4111010033,教育部,北京市,本科,
31,中央财经大学,4111010034,教育部,北京市,本科,
32,对外经济贸易大学,4111010036,教育部,北京市,本科,
33,北京物资学院,4111010037,北京市,北京市,本科,
34,首都经济贸易大学,4111010038,北京市,北京市,本科,
35,中国消防救援学院,4111010039,应急管理部,北京市,本科,
36,外交学院,4111010040,外交部,北京市,本科,
37,中国人民公安大学,4111010041,公安部,北京市,本科,
38,国际关系学院,4111010042,教育部,北京市,本科,
39,北京体育大学,4111010043,国家体育总局,北京市,本科,
40,中央音乐学院,4111010045,教育部,北京市,本科,
41,中国音乐学院,4111010046,北京市,北京市,本科,
42,中央美术学院,4111010047,教育部,北京市,本科,
43,中央戏剧学院,4111010048,教育部,北京市,本科,
44,中国戏曲学院,4111010049,北京市,北京市,本科,
45,北京电影学院,4111010050,北京市,北京市,本科,
46,北京舞蹈学院,4111010051,北京市,北京市,本科,
47,中央民族大学,4111010052,国家民委,北京市,本科,
48,中国政法大学,4111010053,教育部,北京市,本科,
49,华北电力大学,4111010054,教育部,北京市,本科,
50,中华女子学院,4111011149,中华妇女联合会,北京市,本科,
51,北京信息科技大学,4111011232,北京市,北京市,本科,
52,中国矿业大学（北京）,4111011413,教育部,北京市,本科,
53,中国石油大学（北京）,4111011414,教育部,北京市,本科,
54,中国地质大学（北京）,4111011415,教育部,北京市,本科,
55,北京联合大学,4111011417,北京市,北京市,本科,
56,北京城市学院,4111011418,北京市教委,北京市,本科,民办
57,中国青年政治学院,4111011625,共青团中央,北京市,本科,
58,首钢工学院,4111011831,北京市,北京市,本科,
59,中国劳动关系学院,4111012453,中华全国总工会,北京市,本科,
60,首都师范大学科德学院,4111013629,北京市教委,北京市,本科,民办
61,北京工商大学嘉华学院,4111013630,北京市教委,北京市,本科,民办
62,北京邮电大学世纪学院,4111013901,北京市教委,北京市,本科,民办
63,北京工业大学耿丹学院,4111013904,北京市教委,北京市,本科,民办
64,北京警察学院,4111014019,北京市,北京市,本科,
65,北京第二外国语学院中瑞酒店管理学院,4111014201,北京市教委,北京市,本科,民办
66,中国科学院大学,4111014430,中国科学院,北京市,本科,
67,中国社会科学院大学,4111014596,中国社会科学院,北京市,本科,
68,南开大学,4112010055,教育部,天津市,本科,
69,天津大学,4112010056,教育部,天津市,本科,
70,天津科技大学,4112010057,天津市,天津市,本科,
71,天津工业大学,4112010058,天津市,天津市,本科,
72,中国民航大学,4112010059,交通运输部（中国民用航空局）,天津市,本科,
73,天津理工大学,4112010060,天津市,天津市,本科,
74,天津农学院,4112010061,天津市,天津市,本科,
75,天津医科大学,4112010062,天津市,天津市,本科,
76,天津中医药大学,4112010063,天津市,天津市,本科,
77,天津师范大学,4112010065,天津市,天津市,本科,
78,天津职业技术师范大学,4112010066,天津市,天津市,本科,
79,天津外国语大学,4112010068,天津市,天津市,本科,
80,天津商业大学,4112010069,天津市,天津市,本科,
81,天津财经大学,4112010070,天津市,天津市,本科,
82,天津体育学院,4112010071,天津市,天津市,本科,
83,天津音乐学院,4112010072,天津市,天津市,本科,
84,天津美术学院,4112010073,天津市,天津市,本科,
85,天津城建大学,4112010792,天津市,天津市,本科,
86,天津天狮学院,4112010859,天津市教委,天津市,本科,民办
87,天津中德应用技术大学,4112012105,天津市,天津市,本科,
88,天津外国语大学滨海外事学院,4112013658,天津市教委,天津市,本科,民办
89,天津体育学院运动与文化艺术学院,4112013659,天津市教委,天津市,本科,民办
90,天津商业大学宝德学院,4112013660,天津市教委,天津市,本科,民办
91,天津医科大学临床医学院,4112013661,天津市教委,天津市,本科,民办
92,南开大学滨海学院,4112013663,天津市教委,天津市,本科,民办
93,天津师范大学津沽学院,4112013896,天津市教委,天津市,本科,民办
94,天津理工大学中环信息学院,4112013897,天津市教委,天津市,本科,民办
95,北京科技大学天津学院,4112013898,天津市教委,天津市,本科,民办
96,天津大学仁爱学院,4112014038,天津市教委,天津市,本科,民办
97,天津财经大学珠江学院,4112014087,天津市教委,天津市,本科,民办
98,河北大学,4113010075,河北省,保定市,本科,
99,河北工程大学,4113010076,河北省,邯郸市,本科,
100,河北地质大学,4113010077,河北省,石家庄市,本科,
101,河北工业大学,4113010080,河北省,天津市,本科,
102,华北理工大学,4113010081,河北省,唐山市,本科,
103,河北科技大学,4113010082,河北省,石家庄市,本科,
104,河北建筑工程学院,4113010084,河北省,张家口市,本科,
105,河北水利电力学院,4113010085,河北省,沧州市,本科,
106,河北农业大学,4113010086,河北省,保定市,本科,
107,河北医科大学,4113010089,河北省,石家庄市,本科,
108,河北北方学院,4113010092,河北省,张家口市,本科,
109,承德医学院,4113010093,河北省,承德市,本科,
110,河北师范大学,4113010094,河北省,石家庄市,本科,
111,保定学院,4113010096,河北省,保定市,本科,
112,河北民族师范学院,4113010098,河北省,承德市,本科,
113,唐山师范学院,4113010099,河北省,唐山市,本科,
114,廊坊师范学院,4113010100,河北省,廊坊市,本科,
115,衡水学院,4113010101,河北省,衡水市,本科,
116,石家庄学院,4113010102,河北省,石家庄市,本科,
117,邯郸学院,4113010103,河北省,邯郸市,本科,
118,邢台学院,4113010104,河北省,邢台市,本科,
119,沧州师范学院,4113010105,河北省,沧州市,本科,
120,石家庄铁道大学,4113010107,河北省,石家庄市,本科,
121,燕山大学,4113010216,河北省,秦皇岛市,本科,
122,河北科技师范学院,4113010798,河北省,秦皇岛市,本科,
123,唐山学院,4113011033,河北省,唐山市,本科,
124,华北科技学院,4113011104,应急管理部,廊坊市,本科,
125,中国人民警察大学,4113011105,公安部,廊坊市,本科,
126,河北体育学院,4113011236,河北省,石家庄市,本科,
127,河北金融学院,4113011420,河北省,保定市,本科,
128,北华航天工业学院,4113011629,河北省,廊坊市,本科,
129,防灾科技学院,4113011775,中国地震局,廊坊市,本科,
130,河北经贸大学,4113011832,河北省,石家庄市,本科,
131,中央司法警官学院,4113011903,司法部,保定市,本科,
132,河北传媒学院,4113012784,河北省教育厅,石家庄市,本科,民办
133,河北工程技术学院,4113012796,河北省教育厅,石家庄市,本科,民办
134,河北美术学院,4113013075,河北省教育厅,石家庄市,本科,民办
135,河北科技学院,4113013391,河北省教育厅,保定市,本科,民办
136,河北外国语学院,4113013402,河北省教育厅,石家庄市,本科,民办
137,河北大学工商学院,4113013404,河北省教育厅,保定市,本科,民办
138,华北理工大学轻工学院,4113013408,河北省教育厅,唐山市,本科,民办
139,河北科技大学理工学院,4113013409,河北省教育厅,石家庄市,本科,民办
140,河北师范大学汇华学院,4113013411,河北省教育厅,石家庄市,本科,民办
141,河北经贸大学经济管理学院,4113013414,河北省教育厅,石家庄市,本科,民办
142,河北医科大学临床学院,4113013415,河北省教育厅,石家庄市,本科,民办
143,华北电力大学科技学院,4113013417,河北省教育厅,保定市,本科,民办
144,河北工程大学科信学院,4113013578,河北省教育厅,邯郸市,本科,民办
145,河北工业大学城市学院,4113013584,河北省教育厅,廊坊市,本科,民办
146,燕山大学里仁学院,4113013592,河北省教育厅,秦皇岛市,本科,民办
147,石家庄铁道大学四方学院,4113013593,河北省教育厅,石家庄市,本科,民办
148,河北地质大学华信学院,4113013594,河北省教育厅,石家庄市,本科,民办
149,河北农业大学现代科技学院,4113013595,河北省教育厅,保定市,本科,民办
150,华北理工大学冀唐学院,4113013596,河北省教育厅,唐山市,本科,民办
151,保定理工学院,4113013891,河北省教育厅,保定市,本科,民办
152,燕京理工学院,4113013895,河北省教育厅,廊坊市,本科,民办
153,北京中医药大学东方学院,4113013899,河北省教育厅,廊坊市,本科,民办
154,北京交通大学海滨学院,4113014202,河北省教育厅,沧州市,本科,民办
155,河北东方学院,4113014225,河北省教育厅,廊坊市,本科,民办
156,河北中医学院,4113014432,河北省,石家庄市,本科,
157,张家口学院,4113014458,河北省,张家口市,本科,
158,河北环境工程学院,4213051721,河北省,秦皇岛市,本科,
159,山西大学,4114010108,山西省,太原市,本科,
160,太原科技大学,4114010109,山西省,太原市,本科,
161,中北大学,4114010110,山西省,太原市,本科,
162,太原理工大学,4114010112,山西省,太原市,本科,
163,山西农业大学,4114010113,山西省,晋中市,本科,
164,山西医科大学,4114010114,山西省,太原市,本科,
165,长治医学院,4114010117,山西省,长治市,本科,
166,山西师范大学,4114010118,山西省,临汾市,本科,
167,太原师范学院,4114010119,山西省,太原市,本科,
168,山西大同大学,4114010120,山西省,大同市,本科,
169,晋中学院,4114010121,山西省,晋中市,本科,
170,长治学院,4114010122,山西省,长治市,本科,
171,运城学院,4114010123,山西省,运城市,本科,
172,忻州师范学院,4114010124,山西省,忻州市,本科,
173,山西财经大学,4114010125,山西省,太原市,本科,
174,山西中医药大学,4114010809,山西省,太原市,本科,
175,吕梁学院,4114010812,山西省,吕梁市,本科,
176,太原学院,4114011242,山西省,太原市,本科,
177,山西警察学院,4114012111,山西省,太原市,本科,
178,山西应用科技学院,4114012779,山西省教育厅,太原市,本科,民办
179,山西大学商务学院,4114013533,山西省教育厅,太原市,本科,民办
180,太原理工大学现代科技学院,4114013534,山西省教育厅,太原市,本科,民办
181,山西农业大学信息学院,4114013535,山西省教育厅,晋中市,本科,民办
182,山西师范大学现代文理学院,4114013537,山西省教育厅,临汾市,本科,民办
183,中北大学信息商务学院,4114013538,山西省教育厅,太原市,本科,民办
184,太原科技大学华科学院,4114013597,山西省教育厅,太原市,本科,民办
185,山西医科大学晋祠学院,4114013598,山西省教育厅,太原市,本科,民办
186,山西财经大学华商学院,4114013608,山西省教育厅,太原市,本科,民办
187,山西工商学院,4114013691,山西省教育厅,太原市,本科,民办
188,太原工业学院,4114014101,山西省,太原市,本科,
189,运城职业技术大学,4114014226,山西省教育厅,运城市,本科,民办
190,山西传媒学院,4114014434,山西省,太原市,本科,
191,山西工程技术学院,4114014527,山西省,阳泉市,本科,
192,山西能源学院,4214051189,山西省,晋中市,本科,
193,内蒙古大学,4115010126,内蒙古自治区,呼和浩特市,本科,
194,内蒙古科技大学,4115010127,内蒙古自治区,包头市,本科,
195,内蒙古工业大学,4115010128,内蒙古自治区,呼和浩特市,本科,
196,内蒙古农业大学,4115010129,内蒙古自治区,呼和浩特市,本科,
197,内蒙古医科大学,4115010132,内蒙古自治区,呼和浩特市,本科,
198,内蒙古师范大学,4115010135,内蒙古自治区,呼和浩特市,本科,
199,内蒙古民族大学,4115010136,内蒙古自治区,通辽市,本科,
200,赤峰学院,4115010138,内蒙古自治区,赤峰市,本科,
201,内蒙古财经大学,4115010139,内蒙古自治区,呼和浩特市,本科,
202,呼伦贝尔学院,4115010819,内蒙古自治区,呼伦贝尔市,本科,
203,集宁师范学院,4115011427,内蒙古自治区,乌兰察布市,本科,
204,河套学院,4115011631,内蒙古自治区,巴彦淖尔市,本科,
205,呼和浩特民族学院,4115011709,内蒙古自治区,呼和浩特市,本科,
206,内蒙古大学创业学院,4115014199,内蒙古自治区教育厅,呼和浩特市,本科,民办
207,内蒙古鸿德文理学院,4115014205,内蒙古自治区教育厅,呼和浩特市,本科,民办
208,内蒙古艺术学院,4115014531,内蒙古自治区,呼和浩特市,本科,
209,鄂尔多斯应用技术学院,4115014532,内蒙古自治区,鄂尔多斯市,本科,
210,辽宁大学,4121010140,辽宁省,沈阳市,本科,
211,大连理工大学,4121010141,教育部,大连市,本科,
212,沈阳工业大学,4121010142,辽宁省,沈阳市,本科,
213,沈阳航空航天大学,4121010143,辽宁省,沈阳市,本科,
214,沈阳理工大学,4121010144,辽宁省,沈阳市,本科,
215,东北大学,4121010145,教育部,沈阳市,本科,
216,辽宁科技大学,4121010146,辽宁省,鞍山市,本科,
217,辽宁工程技术大学,4121010147,辽宁省,阜新市,本科,
218,辽宁石油化工大学,4121010148,辽宁省,抚顺市,本科,
219,沈阳化工大学,4121010149,辽宁省,沈阳市,本科,
220,大连交通大学,4121010150,辽宁省,大连市,本科,
221,大连海事大学,4121010151,交通运输部,大连市,本科,
222,大连工业大学,4121010152,辽宁省,大连市,本科,
223,沈阳建筑大学,4121010153,辽宁省,沈阳市,本科,
224,辽宁工业大学,4121010154,辽宁省,锦州市,本科,
225,沈阳农业大学,4121010157,辽宁省,沈阳市,本科,
226,大连海洋大学,4121010158,辽宁省,大连市,本科,
227,中国医科大学,4121010159,辽宁省,沈阳市,本科,
228,锦州医科大学,4121010160,辽宁省,锦州市,本科,
229,大连医科大学,4121010161,辽宁省,大连市,本科,
230,辽宁中医药大学,4121010162,辽宁省,沈阳市,本科,
231,沈阳药科大学,4121010163,辽宁省,沈阳市,本科,
232,沈阳医学院,4121010164,辽宁省,沈阳市,本科,
233,辽宁师范大学,4121010165,辽宁省,大连市,本科,
234,沈阳师范大学,4121010166,辽宁省,沈阳市,本科,
235,渤海大学,4121010167,辽宁省,锦州市,本科,
236,鞍山师范学院,4121010169,辽宁省,鞍山市,本科,
237,大连外国语大学,4121010172,辽宁省,大连市,本科,
238,东北财经大学,4121010173,辽宁省,大连市,本科,
239,中国刑事警察学院,4121010175,公安部,沈阳市,本科,
240,沈阳体育学院,4121010176,辽宁省,沈阳市,本科,
241,沈阳音乐学院,4121010177,辽宁省,沈阳市,本科,
242,鲁迅美术学院,4121010178,辽宁省,沈阳市,本科,
243,辽宁对外经贸学院,4121010841,辽宁省教育厅,大连市,本科,民办
244,沈阳大学,4121011035,辽宁省,沈阳市,本科,
245,大连大学,4121011258,辽宁省,大连市,本科,
246,辽宁科技学院,4121011430,辽宁省,本溪市,本科,
247,辽宁警察学院,4121011432,辽宁省,大连市,本科,
248,沈阳工程学院,4121011632,辽宁省,沈阳市,本科,
249,辽东学院,4121011779,辽宁省,丹东市,本科,
250,大连民族大学,4121012026,国家民委,大连市,本科,
251,辽宁理工职业大学,4121012595,辽宁省教育厅,锦州市,本科,民办
252,大连理工大学城市学院,4121013198,辽宁省教育厅,大连市,本科,民办
253,沈阳工业大学工程学院,4121013199,辽宁省教育厅,辽阳市,本科,民办
254,沈阳航空航天大学北方科技学院,4121013200,辽宁省教育厅,沈阳市,本科,民办
255,沈阳工学院,4121013201,辽宁省教育厅,抚顺市,本科,民办
256,大连工业大学艺术与信息工程学院,4121013203,辽宁省教育厅,大连市,本科,民办
257,大连科技学院,4121013207,辽宁省教育厅,大连市,本科,民办
258,沈阳城市建设学院,4121013208,辽宁省教育厅,沈阳市,本科,民办
259,中国医科大学临床医药学院,4121013211,辽宁省教育厅,沈阳市,本科,民办
260,大连医科大学中山学院,4121013212,辽宁省教育厅,大连市,本科,民办
261,锦州医科大学医疗学院,4121013213,辽宁省教育厅,锦州市,本科,民办
262,辽宁师范大学海华学院,4121013215,辽宁省教育厅,沈阳市,本科,民办
263,辽宁理工学院,4121013217,辽宁省教育厅,锦州市,本科,民办
264,大连财经学院,4121013218,辽宁省教育厅,大连市,本科,民办
265,沈阳城市学院,4121013220,辽宁省教育厅,沈阳市,本科,民办
266,辽宁石油化工大学顺华能源学院,4121013583,辽宁省教育厅,抚顺市,本科,民办
267,大连艺术学院,4121013599,辽宁省教育厅,大连市,本科,民办
268,辽宁中医药大学杏林学院,4121013609,辽宁省教育厅,沈阳市,本科,民办
269,辽宁何氏医学院,4121013610,辽宁省教育厅,沈阳市,本科,民办
270,沈阳科技学院,4121013621,辽宁省教育厅,沈阳市,本科,民办
271,大连东软信息学院,4121013631,辽宁省教育厅,大连市,本科,民办
272,辽宁财贸学院,4121013900,辽宁省教育厅,葫芦岛市,本科,民办
273,辽宁传媒学院,4121013957,辽宁省教育厅,沈阳市,本科,民办
274,营口理工学院,4121014435,辽宁省,营口市,本科,
275,吉林大学,4122010183,教育部,长春市,本科,
276,延边大学,4122010184,吉林省,延边朝鲜族自治州,本科,
277,长春理工大学,4122010186,吉林省,长春市,本科,
278,东北电力大学,4122010188,吉林省,吉林市,本科,
279,长春工业大学,4122010190,吉林省,长春市,本科,
280,吉林建筑大学,4122010191,吉林省,长春市,本科,
281,吉林化工学院,4122010192,吉林省,吉林市,本科,
282,吉林农业大学,4122010193,吉林省,长春市,本科,
283,长春中医药大学,4122010199,吉林省,长春市,本科,
284,东北师范大学,4122010200,教育部,长春市,本科,
285,北华大学,4122010201,吉林省,吉林市,本科,
286,通化师范学院,4122010202,吉林省,通化市,本科,
287,吉林师范大学,4122010203,吉林省,四平市,本科,
288,吉林工程技术师范学院,4122010204,吉林省,长春市,本科,
289,长春师范大学,4122010205,吉林省,长春市,本科,
290,白城师范学院,4122010206,吉林省,白城市,本科,
291,吉林财经大学,4122010207,吉林省,长春市,本科,
292,吉林体育学院,4122010208,吉林省,长春市,本科,
293,吉林艺术学院,4122010209,吉林省,长春市,本科,
294,吉林外国语大学,4122010964,吉林省教育厅,长春市,本科,民办
295,吉林工商学院,4122011261,吉林省,长春市,本科,
296,长春工程学院,4122011437,吉林省,长春市,本科,
297,吉林农业科技学院,4122011439,吉林省,吉林市,本科,
298,吉林警察学院,4122011441,吉林省,长春市,本科,
299,长春大学,4122011726,吉林省,长春市,本科,
300,长春光华学院,4122013600,吉林省教育厅,长春市,本科,民办
301,长春工业大学人文信息学院,4122013601,吉林省教育厅,长春市,本科,民办
302,长春理工大学光电信息学院,4122013602,吉林省教育厅,长春市,本科,民办
303,长春财经学院,4122013603,吉林省教育厅,长春市,本科,民办
304,吉林建筑科技学院,4122013604,吉林省教育厅,长春市,本科,民办
305,长春建筑学院,4122013605,吉林省教育厅,长春市,本科,民办
306,长春科技学院,4122013606,吉林省教育厅,长春市,本科,民办
307,吉林动画学院,4122013607,吉林省教育厅,长春市,本科,民办
308,吉林师范大学博达学院,4122013622,吉林省教育厅,四平市,本科,民办
309,长春大学旅游学院,4122013623,吉林省教育厅,长春市,本科,民办
310,东北师范大学人文学院,4122013662,吉林省教育厅,长春市,本科,民办
311,吉林医药学院,4122013706,吉林省,吉林市,本科,
312,黑龙江大学,4123010212,黑龙江省,哈尔滨市,本科,
313,哈尔滨工业大学,4123010213,工业和信息化部,哈尔滨市,本科,
314,哈尔滨理工大学,4123010214,黑龙江省,哈尔滨市,本科,
315,哈尔滨工程大学,4123010217,工业和信息化部,哈尔滨市,本科,
316,黑龙江科技大学,4123010219,黑龙江省,哈尔滨市,本科,
317,东北石油大学,4123010220,黑龙江省,大庆市,本科,
318,佳木斯大学,4123010222,黑龙江省,佳木斯市,本科,
319,黑龙江八一农垦大学,4123010223,黑龙江省,大庆市,本科,
320,东北农业大学,4123010224,黑龙江省,哈尔滨市,本科,
321,东北林业大学,4123010225,教育部,哈尔滨市,本科,
322,哈尔滨医科大学,4123010226,黑龙江省,哈尔滨市,本科,
323,黑龙江中医药大学,4123010228,黑龙江省,哈尔滨市,本科,
324,牡丹江医学院,4123010229,黑龙江省,牡丹江市,本科,
325,哈尔滨师范大学,4123010231,黑龙江省,哈尔滨市,本科,
326,齐齐哈尔大学,4123010232,黑龙江省,齐齐哈尔市,本科,
327,牡丹江师范学院,4123010233,黑龙江省,牡丹江市,本科,
328,哈尔滨学院,4123010234,黑龙江省,哈尔滨市,本科,
329,大庆师范学院,4123010235,黑龙江省,大庆市,本科,
330,绥化学院,4123010236,黑龙江省,绥化市,本科,
331,哈尔滨商业大学,4123010240,黑龙江省,哈尔滨市,本科,
332,哈尔滨体育学院,4123010242,黑龙江省,哈尔滨市,本科,
333,哈尔滨金融学院,4123010245,黑龙江省,哈尔滨市,本科,
334,齐齐哈尔医学院,4123011230,黑龙江省,齐齐哈尔市,本科,
335,黑龙江工业学院,4123011445,黑龙江省,鸡西市,本科,
336,黑龙江东方学院,4123011446,黑龙江省教育厅,哈尔滨市,本科,民办
337,哈尔滨信息工程学院,4123011635,黑龙江省教育厅,哈尔滨市,本科,民办
338,黑龙江工程学院,4123011802,黑龙江省,哈尔滨市,本科,
339,齐齐哈尔工程学院,4123012729,黑龙江省教育厅,齐齐哈尔市,本科,民办
340,黑龙江外国语学院,4123013296,黑龙江省教育厅,哈尔滨市,本科,民办
341,黑龙江财经学院,4123013298,黑龙江省教育厅,哈尔滨市,本科,民办
342,哈尔滨石油学院,4123013299,黑龙江省教育厅,哈尔滨市,本科,民办
343,黑龙江工商学院,4123013300,黑龙江省教育厅,哈尔滨市,本科,民办
344,哈尔滨远东理工学院,4123013301,黑龙江省教育厅,哈尔滨市,本科,民办
345,哈尔滨剑桥学院,4123013303,黑龙江省教育厅,哈尔滨市,本科,民办
346,黑龙江工程学院昆仑旅游学院,4123013304,黑龙江省教育厅,哈尔滨市,本科,民办
347,哈尔滨广厦学院,4123013306,黑龙江省教育厅,哈尔滨市,本科,民办
348,哈尔滨华德学院,4123013307,黑龙江省教育厅,哈尔滨市,本科,民办
349,黑河学院,4123013744,黑龙江省,黑河市,本科,
350,哈尔滨音乐学院,4123014560,黑龙江省,哈尔滨市,本科,
351,复旦大学,4131010246,教育部,上海市,本科,
352,同济大学,4131010247,教育部,上海市,本科,
353,上海交通大学,4131010248,教育部,上海市,本科,
354,华东理工大学,4131010251,教育部,上海市,本科,
355,上海理工大学,4131010252,上海市,上海市,本科,
356,上海海事大学,4131010254,上海市,上海市,本科,
357,东华大学,4131010255,教育部,上海市,本科,
358,上海电力大学,4131010256,上海市,上海市,本科,
359,上海应用技术大学,4131010259,上海市,上海市,本科,
360,上海健康医学院,4131010262,上海市,上海市,本科,
361,上海海洋大学,4131010264,上海市,上海市,本科,
362,上海中医药大学,4131010268,上海市,上海市,本科,
363,华东师范大学,4131010269,教育部,上海市,本科,
364,上海师范大学,4131010270,上海市,上海市,本科,
365,上海外国语大学,4131010271,教育部,上海市,本科,
366,上海财经大学,4131010272,教育部,上海市,本科,
367,上海对外经贸大学,4131010273,上海市,上海市,本科,
368,上海海关学院,4131010274,海关总署,上海市,本科,
369,华东政法大学,4131010276,上海市,上海市,本科,
370,上海体育学院,4131010277,上海市,上海市,本科,
371,上海音乐学院,4131010278,上海市,上海市,本科,
372,上海戏剧学院,4131010279,上海市,上海市,本科,
373,上海大学,4131010280,上海市,上海市,本科,
374,上海公安学院,4131010283,上海市,上海市,本科,
375,上海工程技术大学,4131010856,上海市,上海市,本科,
376,上海立信会计金融学院,4131011047,上海市,上海市,本科,
377,上海电机学院,4131011458,上海市,上海市,本科,
378,上海杉达学院,4131011833,上海市教委,上海市,本科,民办
379,上海政法学院,4131011835,上海市,上海市,本科,
380,上海第二工业大学,4131012044,上海市,上海市,本科,
381,上海商学院,4131012050,上海市,上海市,本科,
382,上海立达学院,4131012587,上海市教委,上海市,本科,民办
383,上海建桥学院,4131012799,上海市教委,上海市,本科,民办
384,上海兴伟学院,4131012914,上海市教委,上海市,本科,民办
385,上海中侨职业技术大学,4131012915,上海市教委,上海市,本科,民办
386,上海视觉艺术学院,4131013632,上海市教委,上海市,本科,民办
387,上海外国语大学贤达经济人文学院,4131013636,上海市教委,上海市,本科,民办
388,上海师范大学天华学院,4131013893,上海市教委,上海市,本科,民办
389,上海科技大学,4131014423,上海市 中国科学院,上海市,本科,
390,上海纽约大学,4131016404,上海市教委,上海市,本科,中外合作办学
391,南京大学,4132010284,教育部,南京市,本科,
392,苏州大学,4132010285,江苏省,苏州市,本科,
393,东南大学,4132010286,教育部,南京市,本科,
394,南京航空航天大学,4132010287,工业和信息化部,南京市,本科,
395,南京理工大学,4132010288,工业和信息化部,南京市,本科,
396,江苏科技大学,4132010289,江苏省,镇江市,本科,
397,中国矿业大学,4132010290,教育部,徐州市,本科,
398,南京工业大学,4132010291,江苏省,南京市,本科,
399,常州大学,4132010292,江苏省,常州市,本科,
400,南京邮电大学,4132010293,江苏省,南京市,本科,
401,河海大学,4132010294,教育部,南京市,本科,
402,江南大学,4132010295,教育部,无锡市,本科,
403,南京林业大学,4132010298,江苏省,南京市,本科,
404,江苏大学,4132010299,江苏省,镇江市,本科,
405,南京信息工程大学,4132010300,江苏省,南京市,本科,
406,南通大学,4132010304,江苏省,南通市,本科,
407,盐城工学院,4132010305,江苏省,盐城市,本科,
408,南京农业大学,4132010307,教育部,南京市,本科,
409,南京医科大学,4132010312,江苏省,南京市,本科,
410,徐州医科大学,4132010313,江苏省,徐州市,本科,
411,南京中医药大学,4132010315,江苏省,南京市,本科,
412,中国药科大学,4132010316,教育部,南京市,本科,
413,南京师范大学,4132010319,江苏省,南京市,本科,
414,江苏师范大学,4132010320,江苏省,徐州市,本科,
415,淮阴师范学院,4132010323,江苏省,淮安市,本科,
416,盐城师范学院,4132010324,江苏省,盐城市,本科,
417,南京财经大学,4132010327,江苏省,南京市,本科,
418,江苏警官学院,4132010329,江苏省,南京市,本科,
419,南京体育学院,4132010330,江苏省,南京市,本科,
420,南京艺术学院,4132010331,江苏省,南京市,本科,
421,苏州科技大学,4132010332,江苏省,苏州市,本科,
422,常熟理工学院,4132010333,江苏省,苏州市,本科,
423,南京工业职业技术大学,4132010850,江苏省,南京市,本科,
424,淮阴工学院,4132011049,江苏省,淮安市,本科,
425,常州工学院,4132011055,江苏省,常州市,本科,
426,扬州大学,4132011117,江苏省,扬州市,本科,
427,三江学院,4132011122,江苏省教育厅,南京市,本科,民办
428,南京工程学院,4132011276,江苏省,南京市,本科,
429,南京审计大学,4132011287,江苏省,南京市,本科,
430,南京晓庄学院,4132011460,江苏省,南京市,本科,
431,江苏理工学院,4132011463,江苏省,常州市,本科,
432,江苏海洋大学,4132011641,江苏省,连云港市,本科,
433,徐州工程学院,4132011998,江苏省,徐州市,本科,
434,南京特殊教育师范学院,4132012048,江苏省,南京市,本科,
435,南通理工学院,4132012056,江苏省教育厅,南通市,本科,民办
436,南京森林警察学院,4132012213,公安部,南京市,本科,
437,东南大学成贤学院,4132012689,江苏省教育厅,南京市,本科,民办
438,泰州学院,4132012917,江苏省,泰州市,本科,
439,无锡太湖学院,4132013571,江苏省教育厅,无锡市,本科,民办
440,金陵科技学院,4132013573,江苏省,南京市,本科,
441,中国矿业大学徐海学院,4132013579,江苏省教育厅,徐州市,本科,民办
442,南京大学金陵学院,4132013646,江苏省教育厅,南京市,本科,民办
443,南京理工大学紫金学院,4132013654,江苏省教育厅,南京市,本科,民办
444,南京航空航天大学金城学院,4132013655,江苏省教育厅,南京市,本科,民办
445,南京传媒学院,4132013687,江苏省教育厅,南京市,本科,民办
446,南京理工大学泰州科技学院,4132013842,江苏省教育厅,泰州市,本科,民办
447,南京师范大学泰州学院,4132013843,江苏省教育厅,泰州市,本科,民办
448,南京工业大学浦江学院,4132013905,江苏省教育厅,南京市,本科,民办
449,南京师范大学中北学院,4132013906,江苏省教育厅,镇江市,本科,民办
450,南京医科大学康达学院,4132013980,江苏省教育厅,连云港市,本科,民办
451,南京中医药大学翰林学院,4132013981,江苏省教育厅,泰州市,本科,民办
452,南京信息工程大学滨江学院,4132013982,江苏省教育厅,无锡市,本科,民办
453,苏州大学文正学院,4132013983,江苏省教育厅,苏州市,本科,民办
454,苏州大学应用技术学院,4132013984,江苏省教育厅,苏州市,本科,民办
455,苏州科技大学天平学院,4132013985,江苏省教育厅,苏州市,本科,民办
456,江苏大学京江学院,4132013986,江苏省教育厅,镇江市,本科,民办
457,扬州大学广陵学院,4132013987,江苏省教育厅,扬州市,本科,民办
458,江苏师范大学科文学院,4132013988,江苏省教育厅,徐州市,本科,民办
459,南京邮电大学通达学院,4132013989,江苏省教育厅,扬州市,本科,民办
460,南京财经大学红山学院,4132013990,江苏省教育厅,镇江市,本科,民办
461,江苏科技大学苏州理工学院,4132013991,江苏省教育厅,苏州市,本科,民办
462,常州大学怀德学院,4132013992,江苏省教育厅,泰州市,本科,民办
463,南通大学杏林学院,4132013993,江苏省教育厅,南通市,本科,民办
464,南京审计大学金审学院,4132013994,江苏省教育厅,南京市,本科,民办
465,宿迁学院,4132014160,江苏省,宿迁市,本科,
466,江苏第二师范学院,4132014436,江苏省,南京市,本科,
467,西交利物浦大学,4132016403,江苏省教育厅,苏州市,本科,中外合作办学
468,昆山杜克大学,4132016406,江苏省教育厅,昆山市,本科,中外合作办学
469,浙江大学,4133010335,教育部,杭州市,本科,
470,杭州电子科技大学,4133010336,浙江省,杭州市,本科,
471,浙江工业大学,4133010337,浙江省,杭州市,本科,
472,浙江理工大学,4133010338,浙江省,杭州市,本科,
473,浙江海洋大学,4133010340,浙江省,舟山市,本科,
474,浙江农林大学,4133010341,浙江省,杭州市,本科,
475,温州医科大学,4133010343,浙江省,温州市,本科,
476,浙江中医药大学,4133010344,浙江省,杭州市,本科,
477,浙江师范大学,4133010345,浙江省,金华市,本科,
478,杭州师范大学,4133010346,浙江省,杭州市,本科,
479,湖州师范学院,4133010347,浙江省,湖州市,本科,
480,绍兴文理学院,4133010349,浙江省,绍兴市,本科,
481,台州学院,4133010350,浙江省,台州市,本科,
482,温州大学,4133010351,浙江省,温州市,本科,
483,丽水学院,4133010352,浙江省,丽水市,本科,
484,浙江工商大学,4133010353,浙江省,杭州市,本科,
485,嘉兴学院,4133010354,浙江省,嘉兴市,本科,
486,中国美术学院,4133010355,浙江省,杭州市,本科,
487,中国计量大学,4133010356,浙江省,杭州市,本科,
488,浙江万里学院,4133010876,浙江省,宁波市,本科,
489,浙江科技学院,4133011057,浙江省,杭州市,本科,
490,宁波工程学院,4133011058,浙江省,宁波市,本科,
491,浙江水利水电学院,4133011481,浙江省,杭州市,本科,
492,浙江财经大学,4133011482,浙江省,杭州市,本科,
493,浙江警察学院,4133011483,浙江省,杭州市,本科,
494,衢州学院,4133011488,浙江省,衢州市,本科,
495,宁波大学,4133011646,浙江省,宁波市,本科,
496,浙江传媒学院,4133011647,浙江省,杭州市,本科,
497,浙江树人学院,4133011842,浙江省教育厅,杭州市,本科,民办
498,浙江越秀外国语学院,4133012792,浙江省教育厅,绍兴市,本科,民办
499,宁波财经学院,4133013001,浙江省教育厅,宁波市,本科,民办
500,浙大城市学院,4133013021,浙江省,杭州市,本科,
501,浙大宁波理工学院,4133013022,浙江省,宁波市,本科,
502,杭州医学院,4133013023,浙江省,杭州市,本科,
503,浙江广厦建设职业技术大学,4133013029,浙江省教育厅,金华市,本科,民办
504,浙江工业大学之江学院,4133013275,浙江省教育厅,杭州市,本科,民办
505,浙江师范大学行知学院,4133013276,浙江省教育厅,金华市,本科,民办
506,宁波大学科学技术学院,4133013277,浙江省教育厅,宁波市,本科,民办
507,杭州电子科技大学信息工程学院,4133013279,浙江省教育厅,杭州市,本科,民办
508,浙江理工大学科技与艺术学院,4133013280,浙江省教育厅,杭州市,本科,民办
509,浙江海洋大学东海科学技术学院,4133013282,浙江省教育厅,舟山市,本科,民办
510,浙江农林大学暨阳学院,4133013283,浙江省教育厅,绍兴市,本科,民办
511,温州医科大学仁济学院,4133013284,浙江省教育厅,温州市,本科,民办
512,浙江中医药大学滨江学院,4133013285,浙江省教育厅,杭州市,本科,民办
513,杭州师范大学钱江学院,4133013286,浙江省教育厅,杭州市,本科,民办
514,湖州师范学院求真学院,4133013287,浙江省教育厅,湖州市,本科,民办
515,绍兴文理学院元培学院,4133013288,浙江省教育厅,绍兴市,本科,民办
516,温州大学瓯江学院,4133013289,浙江省教育厅,温州市,本科,民办
517,浙江工商大学杭州商学院,4133013290,浙江省教育厅,杭州市,本科,民办
518,嘉兴学院南湖学院,4133013291,浙江省教育厅,嘉兴市,本科,民办
519,中国计量大学现代科技学院,4133013292,浙江省教育厅,杭州市,本科,民办
520,浙江财经大学东方学院,4133013294,浙江省教育厅,嘉兴市,本科,民办
521,温州商学院,4133013637,浙江省教育厅,温州市,本科,民办
522,同济大学浙江学院,4133014206,浙江省教育厅,嘉兴市,本科,民办
523,上海财经大学浙江学院,4133014207,浙江省教育厅,金华市,本科,民办
524,浙江外国语学院,4133014275,浙江省,杭州市,本科,
525,浙江音乐学院,4133014535,浙江省,杭州市,本科,
526,西湖大学,4133014626,浙江省教育厅,杭州市,本科,民办
527,宁波诺丁汉大学,4133016301,浙江省教育厅,宁波市,本科,中外合作办学
528,温州肯恩大学,4133016405,浙江省教育厅,温州市,本科,中外合作办学
529,安徽大学,4134010357,安徽省,合肥市,本科,
530,中国科学技术大学,4134010358,中国科学院,合肥市,本科,
531,合肥工业大学,4134010359,教育部,合肥市,本科,
532,安徽工业大学,4134010360,安徽省,马鞍山市,本科,
533,安徽理工大学,4134010361,安徽省,淮南市,本科,
534,安徽工程大学,4134010363,安徽省,芜湖市,本科,
535,安徽农业大学,4134010364,安徽省,合肥市,本科,
536,安徽医科大学,4134010366,安徽省,合肥市,本科,
537,蚌埠医学院,4134010367,安徽省,蚌埠市,本科,
538,皖南医学院,4134010368,安徽省,芜湖市,本科,
539,安徽中医药大学,4134010369,安徽省,合肥市,本科,
540,安徽师范大学,4134010370,安徽省,芜湖市,本科,
541,阜阳师范大学,4134010371,安徽省,阜阳市,本科,
542,安庆师范大学,4134010372,安徽省,安庆市,本科,
543,淮北师范大学,4134010373,安徽省,淮北市,本科,
544,黄山学院,4134010375,安徽省,黄山市,本科,
545,皖西学院,4134010376,安徽省,六安市,本科,
546,滁州学院,4134010377,安徽省,滁州市,本科,
547,安徽财经大学,4134010378,安徽省,蚌埠市,本科,
548,宿州学院,4134010379,安徽省,宿州市,本科,
549,巢湖学院,4134010380,安徽省,合肥市,本科,
550,淮南师范学院,4134010381,安徽省,淮南市,本科,
551,铜陵学院,4134010383,安徽省,铜陵市,本科,
552,安徽建筑大学,4134010878,安徽省,合肥市,本科,
553,安徽科技学院,4134010879,安徽省,滁州市,本科,
554,安徽三联学院,4134010959,安徽省教育厅,合肥市,本科,民办
555,合肥学院,4134011059,安徽省,合肥市,本科,
556,蚌埠学院,4134011305,安徽省,蚌埠市,本科,
557,池州学院,4134011306,安徽省,池州市,本科,
558,安徽新华学院,4134012216,安徽省教育厅,合肥市,本科,民办
559,安徽文达信息工程学院,4134012810,安徽省教育厅,合肥市,本科,民办
560,亳州学院,4134012926,安徽省,亳州市,本科,
561,安徽外国语学院,4134013065,安徽省教育厅,合肥市,本科,民办
562,蚌埠工商学院,4134013611,安徽省教育厅,蚌埠市,本科,民办
563,安徽大学江淮学院,4134013612,安徽省教育厅,合肥市,本科,民办
564,安徽信息工程学院,4134013613,安徽省教育厅,芜湖市,本科,民办
565,马鞍山学院,4134013614,安徽省教育厅,马鞍山市,本科,民办
566,安徽建筑大学城市建设学院,4134013615,安徽省教育厅,合肥市,本科,民办
567,安徽农业大学经济技术学院,4134013616,安徽省教育厅,合肥市,本科,民办
568,安徽师范大学皖江学院,4134013617,安徽省教育厅,芜湖市,本科,民办
569,安徽医科大学临床医学院,4134013618,安徽省教育厅,合肥市,本科,民办
570,阜阳师范大学信息工程学院,4134013619,安徽省教育厅,阜阳市,本科,民办
571,淮北师范大学信息学院,4134013620,安徽省教育厅,淮北市,本科,民办
572,合肥师范学院,4134014098,安徽省,合肥市,本科,
573,皖江工学院,4134014203,安徽省教育厅,马鞍山市,本科,民办
574,安徽艺术学院,4134014682,安徽省,合肥市,本科,
575,厦门大学,4135010384,教育部,厦门市,本科,
576,华侨大学,4135010385,中央统战部,泉州市,本科,
577,福州大学,4135010386,福建省,福州市,本科,
578,福建工程学院,4135010388,福建省,福州市,本科,
579,福建农林大学,4135010389,福建省,福州市,本科,
580,集美大学,4135010390,福建省,厦门市,本科,
581,福建医科大学,4135010392,福建省,福州市,本科,
582,福建中医药大学,4135010393,福建省,福州市,本科,
583,福建师范大学,4135010394,福建省,福州市,本科,
584,闽江学院,4135010395,福建省,福州市,本科,
585,武夷学院,4135010397,福建省,南平市,本科,
586,宁德师范学院,4135010398,福建省,宁德市,本科,
587,泉州师范学院,4135010399,福建省,泉州市,本科,
588,闽南师范大学,4135010402,福建省,漳州市,本科,
589,厦门理工学院,4135011062,福建省,厦门市,本科,
590,三明学院,4135011311,福建省,三明市,本科,
591,龙岩学院,4135011312,福建省,龙岩市,本科,
592,福建商学院,4135011313,福建省,福州市,本科,
593,福建警察学院,4135011495,福建省,福州市,本科,
594,莆田学院,4135011498,福建省,莆田市,本科,
595,仰恩大学,4135011784,福建省教育厅,泉州市,本科,民办
596,厦门医学院,4135012631,福建省,厦门市,本科,
597,厦门华厦学院,4135012709,福建省教育厅,厦门市,本科,民办
598,闽南理工学院,4135012710,福建省教育厅,泉州市,本科,民办
599,泉州职业技术大学,4135012928,福建省教育厅,泉州市,本科,民办
600,闽南科技学院,4135012992,福建省教育厅,泉州市,本科,民办
601,福州工商学院,4135012993,福建省教育厅,福州市,本科,民办
602,厦门工学院,4135013115,福建省教育厅,厦门市,本科,民办
603,阳光学院,4135013468,福建省教育厅,福州市,本科,民办
604,厦门大学嘉庚学院,4135013469,福建省教育厅,漳州市,本科,民办
605,福州大学至诚学院,4135013470,福建省教育厅,福州市,本科,民办
606,集美大学诚毅学院,4135013471,福建省教育厅,厦门市,本科,民办
607,福建师范大学协和学院,4135013472,福建省教育厅,福州市,本科,民办
608,福州外语外贸学院,4135013762,福建省教育厅,福州市,本科,民办
609,福建江夏学院,4135013763,福建省,福州市,本科,
610,泉州信息工程学院,4135013766,福建省教育厅,泉州市,本科,民办
611,福州理工学院,4135013773,福建省教育厅,福州市,本科,民办
612,福建农林大学金山学院,4135014046,福建省教育厅,福州市,本科,民办
613,福建技术师范学院,4135014683,福建省,福州市,本科,
614,南昌大学,4136010403,江西省,南昌市,本科,
615,华东交通大学,4136010404,江西省,南昌市,本科,
616,东华理工大学,4136010405,江西省,抚州市,本科,
617,南昌航空大学,4136010406,江西省,南昌市,本科,
618,江西理工大学,4136010407,江西省,赣州市,本科,
619,景德镇陶瓷大学,4136010408,江西省,景德镇市,本科,
620,江西农业大学,4136010410,江西省,南昌市,本科,
621,江西中医药大学,4136010412,江西省,南昌市,本科,
622,赣南医学院,4136010413,江西省,赣州市,本科,
623,江西师范大学,4136010414,江西省,南昌市,本科,
624,上饶师范学院,4136010416,江西省,上饶市,本科,
625,宜春学院,4136010417,江西省,宜春市,本科,
626,赣南师范大学,4136010418,江西省,赣州市,本科,
627,井冈山大学,4136010419,江西省,吉安市,本科,
628,江西财经大学,4136010421,江西省,南昌市,本科,
629,江西科技学院,4136010846,江西省教育厅,南昌市,本科,民办
630,景德镇学院,4136010894,江西省,景德镇市,本科,
631,萍乡学院,4136010895,江西省,萍乡市,本科,
632,江西科技师范大学,4136011318,江西省,南昌市,本科,
633,南昌工程学院,4136011319,江西省,南昌市,本科,
634,江西警察学院,4136011504,江西省,南昌市,本科,
635,新余学院,4136011508,江西省,新余市,本科,
636,九江学院,4136011843,江西省,九江市,本科,
637,江西工程学院,4136012766,江西省教育厅,新余市,本科,民办
638,南昌理工学院,4136012795,江西省教育厅,南昌市,本科,民办
639,江西应用科技学院,4136012938,江西省教育厅,南昌市,本科,民办
640,江西服装学院,4136013418,江西省教育厅,南昌市,本科,民办
641,南昌职业大学,4136013420,江西省教育厅,南昌市,本科,民办
642,南昌工学院,4136013421,江西省教育厅,南昌市,本科,民办
643,南昌大学科学技术学院,4136013429,江西省教育厅,南昌市,本科,民办
644,南昌大学共青学院,4136013430,江西省教育厅,九江市,本科,民办
645,华东交通大学理工学院,4136013431,江西省教育厅,南昌市,本科,民办
646,东华理工大学长江学院,4136013432,江西省教育厅,抚州市,本科,民办
647,南昌航空大学科技学院,4136013433,江西省教育厅,南昌市,本科,民办
648,江西理工大学应用科学学院,4136013434,江西省教育厅,赣州市,本科,民办
649,景德镇陶瓷大学科技艺术学院,4136013435,江西省教育厅,景德镇市,本科,民办
650,江西农业大学南昌商学院,4136013436,江西省教育厅,南昌市,本科,民办
651,江西中医药大学科技学院,4136013437,江西省教育厅,南昌市,本科,民办
652,江西师范大学科学技术学院,4136013438,江西省教育厅,南昌市,本科,民办
653,赣南师范大学科技学院,4136013439,江西省教育厅,赣州市,本科,民办
654,江西科技师范大学理工学院,4136013440,江西省教育厅,南昌市,本科,民办
655,江西财经大学现代经济管理学院,4136013441,江西省教育厅,南昌市,本科,民办
656,豫章师范学院,4136013774,江西省,南昌市,本科,
657,江西软件职业技术大学,4136013776,江西省教育厅,南昌市,本科,民办
658,南昌师范学院,4136014437,江西省,南昌市,本科,
659,山东大学,4137010422,教育部,济南市,本科,
660,中国海洋大学,4137010423,教育部,青岛市,本科,
661,山东科技大学,4137010424,山东省,青岛市,本科,
662,中国石油大学（华东）,4137010425,教育部,青岛市,本科,
663,青岛科技大学,4137010426,山东省,青岛市,本科,
664,济南大学,4137010427,山东省,济南市,本科,
665,青岛理工大学,4137010429,山东省,青岛市,本科,
666,山东建筑大学,4137010430,山东省,济南市,本科,
667,齐鲁工业大学,4137010431,山东省,济南市,本科,
668,山东理工大学,4137010433,山东省,淄博市,本科,
669,山东农业大学,4137010434,山东省,泰安市,本科,
670,青岛农业大学,4137010435,山东省,青岛市,本科,
671,潍坊医学院,4137010438,山东省,潍坊市,本科,
672,山东第一医科大学,4137010439,山东省,济南市,本科,
673,滨州医学院,4137010440,山东省,滨州市,本科,
674,山东中医药大学,4137010441,山东省,济南市,本科,
675,济宁医学院,4137010443,山东省,济宁市,本科,
676,山东师范大学,4137010445,山东省,济南市,本科,
677,曲阜师范大学,4137010446,山东省,济宁市,本科,
678,聊城大学,4137010447,山东省,聊城市,本科,
679,德州学院,4137010448,山东省,德州市,本科,
680,滨州学院,4137010449,山东省,滨州市,本科,
681,鲁东大学,4137010451,山东省,烟台市,本科,
682,临沂大学,4137010452,山东省,临沂市,本科,
683,泰山学院,4137010453,山东省,泰安市,本科,
684,济宁学院,4137010454,山东省,济宁市,本科,
685,菏泽学院,4137010455,山东省,菏泽市,本科,
686,山东财经大学,4137010456,山东省,济南市,本科,
687,山东体育学院,4137010457,山东省,济南市,本科,
688,山东艺术学院,4137010458,山东省,济南市,本科,
689,齐鲁医药学院,4137010825,山东省教育厅,淄博市,本科,民办
690,青岛滨海学院,4137010868,山东省教育厅,青岛市,本科,民办
691,枣庄学院,4137010904,山东省,枣庄市,本科,
692,山东工艺美术学院,4137010908,山东省,济南市,本科,
693,青岛大学,4137011065,山东省,青岛市,本科,
694,烟台大学,4137011066,山东省,烟台市,本科,
695,潍坊学院,4137011067,山东省,潍坊市,本科,
696,山东警察学院,4137011324,山东省,济南市,本科,
697,山东交通学院,4137011510,山东省,济南市,本科,
698,山东工商学院,4137011688,山东省,烟台市,本科,
699,山东女子学院,4137012331,山东省,济南市,本科,
700,烟台南山学院,4137012332,山东省教育厅,烟台市,本科,民办
701,潍坊科技学院,4137012843,山东省教育厅,潍坊市,本科,民办
702,山东英才学院,4137013006,山东省教育厅,济南市,本科,民办
703,青岛恒星科技学院,4137013015,山东省教育厅,青岛市,本科,民办
704,青岛黄海学院,4137013320,山东省教育厅,青岛市,本科,民办
705,山东现代学院,4137013322,山东省教育厅,济南市,本科,民办
706,山东协和学院,4137013324,山东省教育厅,济南市,本科,民办
707,山东工程职业技术大学,4137013356,山东省教育厅,济南市,本科,民办
708,烟台大学文经学院,4137013359,山东省教育厅,烟台市,本科,民办
709,聊城大学东昌学院,4137013373,山东省教育厅,聊城市,本科,民办
710,青岛理工大学琴岛学院,4137013378,山东省教育厅,青岛市,本科,民办
711,潍坊理工学院,4137013379,山东省教育厅,潍坊市,本科,民办
712,山东财经大学燕山学院,4137013383,山东省教育厅,济南市,本科,民办
713,中国石油大学胜利学院,4137013386,山东省教育厅,东营市,本科,民办
714,山东外国语职业技术大学,4137013387,山东省教育厅,日照市,本科,民办
715,山东科技大学泰山科技学院,4137013624,山东省教育厅,泰安市,本科,民办
716,山东华宇工学院,4137013857,山东省教育厅,德州市,本科,民办
717,山东外事职业大学,4137013874,山东省教育厅,威海市,本科,民办
718,青岛工学院,4137013995,山东省教育厅,青岛市,本科,民办
719,青岛农业大学海都学院,4137013997,山东省教育厅,烟台市,本科,民办
720,齐鲁理工学院,4137013998,山东省教育厅,济南市,本科,民办
721,山东财经大学东方学院,4137013999,山东省教育厅,泰安市,本科,民办
722,济南大学泉城学院,4137014002,山东省教育厅,济南市,本科,民办
723,山东政法学院,4137014100,山东省,济南市,本科,
724,齐鲁师范学院,4137014276,山东省,济南市,本科,
725,山东青年政治学院,4137014277,山东省,济南市,本科,
726,北京电影学院现代创意媒体学院,4137014327,山东省教育厅,青岛市,本科,民办
727,山东管理学院,4137014438,山东省,济南市,本科,
728,山东农业工程学院,4137014439,山东省,济南市,本科,
729,华北水利水电大学,4141010078,河南省,郑州市,本科,
730,郑州大学,4141010459,河南省,郑州市,本科,
731,河南理工大学,4141010460,河南省,焦作市,本科,
732,郑州轻工业大学,4141010462,河南省,郑州市,本科,
733,河南工业大学,4141010463,河南省,郑州市,本科,
734,河南科技大学,4141010464,河南省,洛阳市,本科,
735,中原工学院,4141010465,河南省,郑州市,本科,
736,河南农业大学,4141010466,河南省,郑州市,本科,
737,河南科技学院,4141010467,河南省,新乡市,本科,
738,河南牧业经济学院,4141010469,河南省,郑州市,本科,
739,河南中医药大学,4141010471,河南省,郑州市,本科,
740,新乡医学院,4141010472,河南省,新乡市,本科,
741,河南大学,4141010475,河南省,开封市,本科,
742,河南师范大学,4141010476,河南省,新乡市,本科,
743,信阳师范学院,4141010477,河南省,信阳市,本科,
744,周口师范学院,4141010478,河南省,周口市,本科,
745,安阳师范学院,4141010479,河南省,安阳市,本科,
746,许昌学院,4141010480,河南省,许昌市,本科,
747,南阳师范学院,4141010481,河南省,南阳市,本科,
748,洛阳师范学院,4141010482,河南省,洛阳市,本科,
749,商丘师范学院,4141010483,河南省,商丘市,本科,
750,河南财经政法大学,4141010484,河南省,郑州市,本科,
751,郑州航空工业管理学院,4141010485,河南省,郑州市,本科,
752,黄淮学院,4141010918,河南省,驻马店市,本科,
753,平顶山学院,4141010919,河南省,平顶山市,本科,
754,郑州工程技术学院,4141011068,河南省,郑州市,本科,
755,洛阳理工学院,4141011070,河南省,洛阳市,本科,
756,新乡学院,4141011071,河南省,新乡市,本科,
757,信阳农林学院,4141011326,河南省,信阳市,本科,
758,河南工学院,4141011329,河南省,新乡市,本科,
759,安阳工学院,4141011330,河南省,安阳市,本科,
760,河南工程学院,4141011517,河南省,郑州市,本科,
761,河南财政金融学院,4141011652,河南省,郑州市,本科,
762,南阳理工学院,4141011653,河南省,南阳市,本科,
763,河南城建学院,4141011765,河南省,平顶山市,本科,
764,河南警察学院,4141011788,河南省,郑州市,本科,
765,黄河科技学院,4141011834,河南省教育厅,郑州市,本科,民办
766,铁道警察学院,4141012735,公安部,郑州市,本科,
767,郑州科技学院,4141012746,河南省教育厅,郑州市,本科,民办
768,郑州工业应用技术学院,4141012747,河南省教育厅,郑州市,本科,民办
769,郑州师范学院,4141012949,河南省,郑州市,本科,
770,郑州财经学院,4141013497,河南省教育厅,郑州市,本科,民办
771,黄河交通学院,4141013498,河南省教育厅,焦作市,本科,民办
772,商丘工学院,4141013500,河南省教育厅,商丘市,本科,民办
773,河南大学民生学院,4141013501,河南省教育厅,开封市,本科,民办
774,河南师范大学新联学院,4141013502,河南省教育厅,郑州市,本科,民办
775,信阳学院,4141013503,河南省教育厅,信阳市,本科,民办
776,安阳学院,4141013504,河南省教育厅,安阳市,本科,民办
777,新乡医学院三全学院,4141013505,河南省教育厅,新乡市,本科,民办
778,河南科技学院新科学院,4141013506,河南省教育厅,新乡市,本科,民办
779,郑州工商学院,4141013507,河南省教育厅,郑州市,本科,民办
780,郑州经贸学院,4141013508,河南省教育厅,郑州市,本科,民办
781,商丘学院,4141014003,河南省教育厅,商丘市,本科,民办
782,郑州商学院,4141014040,河南省教育厅,郑州市,本科,民办
783,河南科技职业大学,4141014169,河南省教育厅,周口市,本科,民办
784,郑州升达经贸管理学院,4141014333,河南省教育厅,郑州市,本科,民办
785,郑州西亚斯学院,4141014654,河南省教育厅,郑州市,本科,民办
786,武汉大学,4142010486,教育部,武汉市,本科,
787,华中科技大学,4142010487,教育部,武汉市,本科,
788,武汉科技大学,4142010488,湖北省,武汉市,本科,
789,长江大学,4142010489,湖北省,荆州市,本科,
790,武汉工程大学,4142010490,湖北省,武汉市,本科,
791,中国地质大学（武汉）,4142010491,教育部,武汉市,本科,
792,武汉纺织大学,4142010495,湖北省,武汉市,本科,
793,武汉轻工大学,4142010496,湖北省,武汉市,本科,
794,武汉理工大学,4142010497,教育部,武汉市,本科,
795,湖北工业大学,4142010500,湖北省,武汉市,本科,
796,华中农业大学,4142010504,教育部,武汉市,本科,
797,湖北中医药大学,4142010507,湖北省,武汉市,本科,
798,华中师范大学,4142010511,教育部,武汉市,本科,
799,湖北大学,4142010512,湖北省,武汉市,本科,
800,湖北师范大学,4142010513,湖北省,黄石市,本科,
801,黄冈师范学院,4142010514,湖北省,黄冈市,本科,
802,湖北民族大学,4142010517,湖北省,恩施土家族苗族自治州,本科,
803,汉江师范学院,4142010518,湖北省,十堰市,本科,
804,湖北文理学院,4142010519,湖北省,襄阳市,本科,
805,中南财经政法大学,4142010520,教育部,武汉市,本科,
806,武汉体育学院,4142010522,湖北省,武汉市,本科,
807,湖北美术学院,4142010523,湖北省,武汉市,本科,
808,中南民族大学,4142010524,国家民委,武汉市,本科,
809,湖北汽车工业学院,4142010525,湖北省,十堰市,本科,
810,湖北工程学院,4142010528,湖北省,孝感市,本科,
811,湖北理工学院,4142010920,湖北省,黄石市,本科,
812,湖北科技学院,4142010927,湖北省,咸宁市,本科,
813,湖北医药学院,4142010929,湖北省,十堰市,本科,
814,江汉大学,4142011072,湖北省,武汉市,本科,
815,三峡大学,4142011075,湖北省,宜昌市,本科,
816,湖北警官学院,4142011332,湖北省,武汉市,本科,
817,荆楚理工学院,4142011336,湖北省,荆门市,本科,
818,武汉音乐学院,4142011524,湖北省,武汉市,本科,
819,湖北经济学院,4142011600,湖北省,武汉市,本科,
820,武汉商学院,4142011654,湖北省,武汉市,本科,
821,武汉东湖学院,4142011798,湖北省教育厅,武汉市,本科,民办
822,汉口学院,4142011800,湖北省教育厅,武汉市,本科,民办
823,武昌首义学院,4142012309,湖北省教育厅,武汉市,本科,民办
824,武昌理工学院,4142012310,湖北省教育厅,武汉市,本科,民办
825,武汉生物工程学院,4142012362,湖北省教育厅,武汉市,本科,民办
826,武汉晴川学院,4142013188,湖北省教育厅,武汉市,本科,民办
827,湖北大学知行学院,4142013234,湖北省教育厅,武汉市,本科,民办
828,武汉科技大学城市学院,4142013235,湖北省教育厅,武汉市,本科,民办
829,三峡大学科技学院,4142013236,湖北省教育厅,宜昌市,本科,民办
830,武汉文理学院,4142013237,湖北省教育厅,武汉市,本科,民办
831,湖北工业大学工程技术学院,4142013238,湖北省教育厅,武汉市,本科,民办
832,武汉工程大学邮电与信息工程学院,4142013239,湖北省教育厅,武汉市,本科,民办
833,武汉纺织大学外经贸学院,4142013240,湖北省教育厅,武汉市,本科,民办
834,武昌工学院,4142013241,湖北省教育厅,武汉市,本科,民办
835,武汉工商学院,4142013242,湖北省教育厅,武汉市,本科,民办
836,长江大学工程技术学院,4142013245,湖北省教育厅,荆州市,本科,民办
837,长江大学文理学院,4142013246,湖北省教育厅,荆州市,本科,民办
838,湖北商贸学院,4142013247,湖北省教育厅,武汉市,本科,民办
839,湖北汽车工业学院科技学院,4142013248,湖北省教育厅,十堰市,本科,民办
840,湖北医药学院药护学院,4142013249,湖北省教育厅,十堰市,本科,民办
841,湖北民族大学科技学院,4142013250,湖北省教育厅,恩施土家族苗族自治州,本科,民办
842,湖北经济学院法商学院,4142013251,湖北省教育厅,武汉市,本科,民办
843,武汉体育学院体育科技学院,4142013253,湖北省教育厅,武汉市,本科,民办
844,湖北师范大学文理学院,4142013256,湖北省教育厅,黄石市,本科,民办
845,湖北文理学院理工学院,4142013257,湖北省教育厅,襄阳市,本科,民办
846,湖北工程学院新技术学院,4142013258,湖北省教育厅,孝感市,本科,民办
847,文华学院,4142013262,湖北省教育厅,武汉市,本科,民办
848,武汉学院,4142013634,湖北省教育厅,武汉市,本科,民办
849,武汉工程科技学院,4142013664,湖北省教育厅,武汉市,本科,民办
850,武汉华夏理工学院,4142013666,湖北省教育厅,武汉市,本科,民办
851,武汉传媒学院,4142013686,湖北省教育厅,武汉市,本科,民办
852,武汉设计工程学院,4142014035,湖北省教育厅,武汉市,本科,民办
853,湖北第二师范学院,4142014099,湖北省,武汉市,本科,
854,湘潭大学,4143010530,湖南省,湘潭市,本科,
855,吉首大学,4143010531,湖南省,湘西土家族苗族自治州,本科,
856,湖南大学,4143010532,教育部,长沙市,本科,
857,中南大学,4143010533,教育部,长沙市,本科,
858,湖南科技大学,4143010534,湖南省,湘潭市,本科,
859,长沙理工大学,4143010536,湖南省,长沙市,本科,
860,湖南农业大学,4143010537,湖南省,长沙市,本科,
861,中南林业科技大学,4143010538,湖南省,长沙市,本科,
862,湖南中医药大学,4143010541,湖南省,长沙市,本科,
863,湖南师范大学,4143010542,湖南省,长沙市,本科,
864,湖南理工学院,4143010543,湖南省,岳阳市,本科,
865,湘南学院,4143010545,湖南省,郴州市,本科,
866,衡阳师范学院,4143010546,湖南省,衡阳市,本科,
867,邵阳学院,4143010547,湖南省,邵阳市,本科,
868,怀化学院,4143010548,湖南省,怀化市,本科,
869,湖南文理学院,4143010549,湖南省,常德市,本科,
870,湖南科技学院,4143010551,湖南省,永州市,本科,
871,湖南人文科技学院,4143010553,湖南省,娄底市,本科,
872,湖南工商大学,4143010554,湖南省,长沙市,本科,
873,南华大学,4143010555,湖南省,衡阳市,本科,
874,长沙医学院,4143010823,湖南省教育厅,长沙市,本科,民办
875,长沙学院,4143011077,湖南省,长沙市,本科,
876,湖南工程学院,4143011342,湖南省,湘潭市,本科,
877,湖南城市学院,4143011527,湖南省,益阳市,本科,
878,湖南工学院,4143011528,湖南省,衡阳市,本科,
879,湖南财政经济学院,4143011532,湖南省,长沙市,本科,
880,湖南警察学院,4143011534,湖南省,长沙市,本科,
881,湖南工业大学,4143011535,湖南省,株洲市,本科,
882,湖南女子学院,4143011538,湖南省,长沙市,本科,
883,湖南第一师范学院,4143012034,湖南省,长沙市,本科,
884,湖南医药学院,4143012214,湖南省,怀化市,本科,
885,湖南涉外经济学院,4143012303,湖南省教育厅,长沙市,本科,民办
886,湘潭大学兴湘学院,4143012599,湖南省教育厅,湘潭市,本科,民办
887,湖南工业大学科技学院,4143012604,湖南省教育厅,株洲市,本科,民办
888,湖南科技大学潇湘学院,4143012649,湖南省教育厅,湘潭市,本科,民办
889,南华大学船山学院,4143012650,湖南省教育厅,衡阳市,本科,民办
890,湘潭理工学院,4143012651,湖南省教育厅,湘潭市,本科,民办
891,湖南师范大学树达学院,4143012652,湖南省教育厅,长沙市,本科,民办
892,湖南农业大学东方科技学院,4143012653,湖南省教育厅,长沙市,本科,民办
893,中南林业科技大学涉外学院,4143012656,湖南省教育厅,长沙市,本科,民办
894,湖南文理学院芙蓉学院,4143012657,湖南省教育厅,常德市,本科,民办
895,湖南理工学院南湖学院,4143012658,湖南省教育厅,岳阳市,本科,民办
896,衡阳师范学院南岳学院,4143012659,湖南省教育厅,衡阳市,本科,民办
897,湖南工程学院应用技术学院,4143012660,湖南省教育厅,湘潭市,本科,民办
898,湖南中医药大学湘杏学院,4143012661,湖南省教育厅,长沙市,本科,民办
899,吉首大学张家界学院,4143012662,湖南省教育厅,张家界市,本科,民办
900,长沙理工大学城南学院,4143013635,湖南省教育厅,长沙市,本科,民办
901,长沙师范学院,4143013806,湖南省,长沙市,本科,
902,湖南应用技术学院,4143013809,湖南省教育厅,常德市,本科,民办
903,湖南信息学院,4143013836,湖南省教育厅,长沙市,本科,民办
904,湖南交通工程学院,4143013924,湖南省教育厅,衡阳市,本科,民办
905,湖南软件职业学院（本科）,4143013925,湖南省教育厅,湘潭市,本科,民办
906,中山大学,4144010558,教育部,广州市,本科,
907,暨南大学,4144010559,中央统战部,广州市,本科,
908,汕头大学,4144010560,广东省,汕头市,本科,
909,华南理工大学,4144010561,教育部,广州市,本科,
910,华南农业大学,4144010564,广东省,广州市,本科,
911,广东海洋大学,4144010566,广东省,湛江市,本科,
912,广州医科大学,4144010570,广东省,广州市,本科,
913,广东医科大学,4144010571,广东省,湛江市,本科,
914,广州中医药大学,4144010572,广东省,广州市,本科,
915,广东药科大学,4144010573,广东省,广州市,本科,
916,华南师范大学,4144010574,广东省,广州市,本科,
917,韶关学院,4144010576,广东省,韶关市,本科,
918,惠州学院,4144010577,广东省,惠州市,本科,
919,韩山师范学院,4144010578,广东省,潮州市,本科,
920,岭南师范学院,4144010579,广东省,湛江市,本科,
921,肇庆学院,4144010580,广东省,肇庆市,本科,
922,嘉应学院,4144010582,广东省,梅州市,本科,
923,广州体育学院,4144010585,广东省,广州市,本科,
924,广州美术学院,4144010586,广东省,广州市,本科,
925,星海音乐学院,4144010587,广东省,广州市,本科,
926,广东技术师范大学,4144010588,广东省,广州市,本科,
927,深圳大学,4144010590,广东省,深圳市,本科,
928,广东财经大学,4144010592,广东省,广州市,本科,
929,广东白云学院,4144010822,广东省教育厅,广州市,本科,民办
930,广州大学,4144011078,广东省,广州市,本科,
931,广州航海学院,4144011106,广东省,广州市,本科,
932,广东警官学院,4144011110,广东省,广州市,本科,
933,仲恺农业工程学院,4144011347,广东省,广州市,本科,
934,五邑大学,4144011349,广东省,江门市,本科,
935,广东金融学院,4144011540,广东省,广州市,本科,
936,电子科技大学中山学院,4144011545,广东省教育厅,中山市,本科,民办
937,广东石油化工学院,4144011656,广东省,茂名市,本科,
938,东莞理工学院,4144011819,广东省,东莞市,本科,
939,广东工业大学,4144011845,广东省,广州市,本科,
940,广东外语外贸大学,4144011846,广东省,广州市,本科,
941,佛山科学技术学院,4144011847,广东省,佛山市,本科,
942,广东培正学院,4144012059,广东省教育厅,广州市,本科,民办
943,南方医科大学,4144012121,广东省,广州市,本科,
944,广东东软学院,4144012574,广东省教育厅,佛山市,本科,民办
945,华南理工大学广州学院,4144012617,广东省教育厅,广州市,本科,民办
946,广州大学华软软件学院,4144012618,广东省教育厅,广州市,本科,民办
947,中山大学南方学院,4144012619,广东省教育厅,广州市,本科,民办
948,广东外语外贸大学南国商学院,4144012620,广东省教育厅,广州市,本科,民办
949,广东财经大学华商学院,4144012621,广东省教育厅,广州市,本科,民办
950,广东海洋大学寸金学院,4144012622,广东省教育厅,湛江市,本科,民办
951,华南农业大学珠江学院,4144012623,广东省教育厅,广州市,本科,民办
952,广州理工学院,4144012668,广东省教育厅,广州市,本科,民办
953,北京师范大学珠海分校,4144013177,广东省教育厅,珠海市,本科,民办
954,广东工业大学华立学院,4144013656,广东省教育厅,广州市,本科,民办
955,广州大学松田学院,4144013657,广东省教育厅,广州市,本科,民办
956,广州商学院,4144013667,广东省教育厅,广州市,本科,民办
957,北京理工大学珠海学院,4144013675,广东省教育厅,珠海市,本科,民办
958,吉林大学珠海学院,4144013684,广东省教育厅,珠海市,本科,民办
959,广州工商学院,4144013714,广东省教育厅,广州市,本科,民办
960,广州科技职业技术大学,4144013717,广东省教育厅,广州市,本科,民办
961,广东科技学院,4144013719,广东省教育厅,东莞市,本科,民办
962,广东理工学院,4144013720,广东省教育厅,肇庆市,本科,民办
963,广东工商职业技术大学,4144013721,广东省教育厅,肇庆市,本科,民办
964,东莞理工学院城市学院,4144013844,广东省教育厅,东莞市,本科,民办
965,中山大学新华学院,4144013902,广东省教育厅,广州市,本科,民办
966,广东第二师范学院,4144014278,广东省,广州市,本科,
967,南方科技大学,4144014325,广东省,深圳市,本科,
968,深圳技术大学,4144014655,广东省,深圳市,本科,
969,北京师范大学-香港浸会大学联合国际学院,4144016401,广东省教育厅,珠海市,本科,内地与港澳台地区合作办学
970,香港中文大学（深圳）,4144016407,广东省教育厅,深圳市,本科,内地与港澳台地区合作办学
971,深圳北理莫斯科大学,4144016409,广东省,深圳市,本科,中外合作办学
972,广东以色列理工学院,4144016410,广东省,汕头市,本科,中外合作办学
973,广西大学,4145010593,广西壮族自治区,南宁市,本科,
974,广西科技大学,4145010594,广西壮族自治区,柳州市,本科,
975,桂林电子科技大学,4145010595,广西壮族自治区,桂林市,本科,
976,桂林理工大学,4145010596,广西壮族自治区,桂林市,本科,
977,广西医科大学,4145010598,广西壮族自治区,南宁市,本科,
978,右江民族医学院,4145010599,广西壮族自治区,百色市,本科,
979,广西中医药大学,4145010600,广西壮族自治区,南宁市,本科,
980,桂林医学院,4145010601,广西壮族自治区,桂林市,本科,
981,广西师范大学,4145010602,广西壮族自治区,桂林市,本科,
982,南宁师范大学,4145010603,广西壮族自治区,南宁市,本科,
983,广西民族师范学院,4145010604,广西壮族自治区,崇左市,本科,
984,河池学院,4145010605,广西壮族自治区,河池市,本科,
985,玉林师范学院,4145010606,广西壮族自治区,玉林市,本科,
986,广西艺术学院,4145010607,广西壮族自治区,南宁市,本科,
987,广西民族大学,4145010608,广西壮族自治区,南宁市,本科,
988,百色学院,4145010609,广西壮族自治区,百色市,本科,
989,梧州学院,4145011354,广西壮族自治区,梧州市,本科,
990,广西科技师范学院,4145011546,广西壮族自治区,来宾市,本科,
991,广西财经学院,4145011548,广西壮族自治区,南宁市,本科,
992,南宁学院,4145011549,广西自治区教育厅,南宁市,本科,民办
993,北部湾大学,4145011607,广西壮族自治区,钦州市,本科,
994,桂林航天工业学院,4145011825,广西壮族自治区,桂林市,本科,
995,桂林旅游学院,4145011837,广西壮族自治区,桂林市,本科,
996,贺州学院,4145011838,广西壮族自治区,贺州市,本科,
997,广西警察学院,4145013520,广西壮族自治区,南宁市,本科,
998,北海艺术设计学院,4145013524,广西自治区教育厅,北海市,本科,民办
999,广西大学行健文理学院,4145013638,广西自治区教育厅,南宁市,本科,民办
1000,柳州工学院,4145013639,广西自治区教育厅,柳州市,本科,民办
1001,广西民族大学相思湖学院,4145013640,广西自治区教育厅,南宁市,本科,民办
1002,广西师范大学漓江学院,4145013641,广西自治区教育厅,桂林市,本科,民办
1003,南宁师范大学师园学院,4145013642,广西自治区教育厅,南宁市,本科,民办
1004,广西中医药大学赛恩斯新医药学院,4145013643,广西自治区教育厅,南宁市,本科,民办
1005,桂林电子科技大学信息科技学院,4145013644,广西自治区教育厅,桂林市,本科,民办
1006,桂林理工大学博文管理学院,4145013645,广西自治区教育厅,桂林市,本科,民办
1007,广西外国语学院,4145013830,广西自治区教育厅,南宁市,本科,民办
1008,北京航空航天大学北海学院,4145013890,广西自治区教育厅,北海市,本科,民办
1009,广西城市职业大学,4145013920,广西自治区教育厅,崇左市,本科,民办
1010,广西职业师范学院,4145014684,广西壮族自治区,南宁市,本科,
1011,海南大学,4146010589,海南省,海口市,本科,
1012,海南热带海洋学院,4146011100,海南省,三亚市,本科,
1013,海南师范大学,4146011658,海南省,海口市,本科,
1014,海南医学院,4146011810,海南省,海口市,本科,
1015,海口经济学院,4146012308,海南省教育厅,海口市,本科,民办
1016,琼台师范学院,4146013811,海南省,海口市,本科,
1017,三亚学院,4146013892,海南省教育厅,三亚市,本科,民办
1018,海南科技职业大学,4146014172,海南省教育厅,海口市,本科,民办
1019,重庆大学,4150010611,教育部,重庆市,本科,
1020,重庆邮电大学,4150010617,重庆市,重庆市,本科,
1021,重庆交通大学,4150010618,重庆市,重庆市,本科,
1022,重庆医科大学,4150010631,重庆市,重庆市,本科,
1023,西南大学,4150010635,教育部,重庆市,本科,
1024,重庆师范大学,4150010637,重庆市,重庆市,本科,
1025,重庆文理学院,4150010642,重庆市,重庆市,本科,
1026,重庆三峡学院,4150010643,重庆市,重庆市,本科,
1027,长江师范学院,4150010647,重庆市,重庆市,本科,
1028,四川外国语大学,4150010650,重庆市,重庆市,本科,
1029,西南政法大学,4150010652,重庆市,重庆市,本科,
1030,四川美术学院,4150010655,重庆市,重庆市,本科,
1031,重庆科技学院,4150011551,重庆市,重庆市,本科,
1032,重庆理工大学,4150011660,重庆市,重庆市,本科,
1033,重庆工商大学,4150011799,重庆市,重庆市,本科,
1034,重庆机电职业技术大学,4150012607,重庆市教委,重庆市,本科,民办
1035,重庆工程学院,4150012608,重庆市教委,重庆市,本科,民办
1036,重庆大学城市科技学院,4150012616,重庆市教委,重庆市,本科,民办
1037,重庆警察学院,4150012757,重庆市,重庆市,本科,
1038,重庆人文科技学院,4150013548,重庆市教委,重庆市,本科,民办
1039,四川外国语大学重庆南方翻译学院,4150013588,重庆市教委,重庆市,本科,民办
1040,重庆师范大学涉外商贸学院,4150013589,重庆市教委,重庆市,本科,民办
1041,重庆工商大学融智学院,4150013590,重庆市教委,重庆市,本科,民办
1042,重庆工商大学派斯学院,4150013591,重庆市教委,重庆市,本科,民办
1043,重庆邮电大学移通学院,4150013627,重庆市教委,重庆市,本科,民办
1044,重庆第二师范学院,4150014388,重庆市,重庆市,本科,
1045,四川大学,4151010610,教育部,成都市,本科,
1046,西南交通大学,4151010613,教育部,成都市,本科,
1047,电子科技大学,4151010614,教育部,成都市,本科,
1048,西南石油大学,4151010615,四川省,成都市,本科,
1049,成都理工大学,4151010616,四川省,成都市,本科,
1050,西南科技大学,4151010619,四川省,绵阳市,本科,
1051,成都信息工程大学,4151010621,四川省,成都市,本科,
1052,四川轻化工大学,4151010622,四川省,自贡市,本科,
1053,西华大学,4151010623,四川省,成都市,本科,
1054,中国民用航空飞行学院,4151010624,交通运输部（中国民用航空局）,德阳市,本科,
1055,四川农业大学,4151010626,四川省,雅安市,本科,
1056,西昌学院,4151010628,四川省,凉山彝族自治州,本科,
1057,西南医科大学,4151010632,四川省,泸州市,本科,
1058,成都中医药大学,4151010633,四川省,成都市,本科,
1059,川北医学院,4151010634,四川省,南充市,本科,
1060,四川师范大学,4151010636,四川省,成都市,本科,
1061,西华师范大学,4151010638,四川省,南充市,本科,
1062,绵阳师范学院,4151010639,四川省,绵阳市,本科,
1063,内江师范学院,4151010640,四川省,内江市,本科,
1064,宜宾学院,4151010641,四川省,宜宾市,本科,
1065,四川文理学院,4151010644,四川省,达州市,本科,
1066,阿坝师范学院,4151010646,四川省,阿坝藏族羌族自治州,本科,
1067,乐山师范学院,4151010649,四川省,乐山市,本科,
1068,西南财经大学,4151010651,教育部,成都市,本科,
1069,成都体育学院,4151010653,四川省,成都市,本科,
1070,四川音乐学院,4151010654,四川省,成都市,本科,
1071,西南民族大学,4151010656,国家民委,成都市,本科,
1072,成都大学,4151011079,四川省,成都市,本科,
1073,成都工业学院,4151011116,四川省,成都市,本科,
1074,攀枝花学院,4151011360,四川省,攀枝花市,本科,
1075,四川旅游学院,4151011552,四川省,成都市,本科,
1076,四川民族学院,4151011661,四川省,甘孜藏族自治州,本科,
1077,四川警察学院,4151012212,四川省,泸州市,本科,
1078,成都东软学院,4151012636,四川省教育厅,成都市,本科,民办
1079,成都艺术职业大学,4151012969,四川省教育厅,成都市,本科,民办
1080,电子科技大学成都学院,4151013665,四川省教育厅,成都市,本科,民办
1081,成都理工大学工程技术学院,4151013668,四川省教育厅,乐山市,本科,民办
1082,四川传媒学院,4151013669,四川省教育厅,成都市,本科,民办
1083,成都银杏酒店管理学院,4151013670,四川省教育厅,成都市,本科,民办
1084,成都文理学院,4151013671,四川省教育厅,成都市,本科,民办
1085,四川工商学院,4151013672,四川省教育厅,成都市,本科,民办
1086,四川外国语大学成都学院,4151013673,四川省教育厅,成都市,本科,民办
1087,成都医学院,4151013705,四川省,成都市,本科,
1088,四川工业科技学院,4151013816,四川省教育厅,德阳市,本科,民办
1089,四川大学锦城学院,4151013903,四川省教育厅,成都市,本科,民办
1090,西南财经大学天府学院,4151014037,四川省教育厅,绵阳市,本科,民办
1091,四川大学锦江学院,4151014039,四川省教育厅,眉山市,本科,民办
1092,四川文化艺术学院,4151014043,四川省教育厅,绵阳市,本科,民办
1093,西南科技大学城市学院,4151014045,四川省教育厅,绵阳市,本科,民办
1094,西南交通大学希望学院,4151014262,四川省教育厅,南充市,本科,民办
1095,成都师范学院,4151014389,四川省,成都市,本科,
1096,四川电影电视学院,4151014410,四川省教育厅,成都市,本科,民办
1097,吉利学院,4111012802,四川省教育厅,成都市,本科,民办
1098,贵州大学,4152010657,贵州省,贵阳市,本科,
1099,贵州医科大学,4152010660,贵州省,贵阳市,本科,
1100,遵义医科大学,4152010661,贵州省,遵义市,本科,
1101,贵州中医药大学,4152010662,贵州省,贵阳市,本科,
1102,贵州师范大学,4152010663,贵州省,贵阳市,本科,
1103,遵义师范学院,4152010664,贵州省,遵义市,本科,
1104,铜仁学院,4152010665,贵州省,铜仁市,本科,
1105,兴义民族师范学院,4152010666,贵州省,黔西南布依族苗族自治州,本科,
1106,安顺学院,4152010667,贵州省,安顺市,本科,
1107,贵州工程应用技术学院,4152010668,贵州省,毕节市,本科,
1108,凯里学院,4152010669,贵州省,黔东南苗族侗族自治州,本科,
1109,黔南民族师范学院,4152010670,贵州省,黔南布依族苗族自治州,本科,
1110,贵州财经大学,4152010671,贵州省,贵阳市,本科,
1111,贵州民族大学,4152010672,贵州省,贵阳市,本科,
1112,贵阳学院,4152010976,贵州省,贵阳市,本科,
1113,六盘水师范学院,4152010977,贵州省,六盘水市,本科,
1114,贵州商学院,4152011731,贵州省,贵阳市,本科,
1115,贵州警察学院,4152012107,贵州省,贵阳市,本科,
1116,贵州中医药大学时珍学院,4152013647,贵州省教育厅,贵阳市,本科,民办
1117,贵州财经大学商务学院,4152013648,贵州省教育厅,贵阳市,本科,民办
1118,贵州大学科技学院,4152013649,贵州省教育厅,贵阳市,本科,民办
1119,贵州大学明德学院,4152013650,贵州省教育厅,贵阳市,本科,民办
1120,贵州民族大学人文科技学院,4152013651,贵州省教育厅,贵阳市,本科,民办
1121,贵州师范大学求是学院,4152013652,贵州省教育厅,贵阳市,本科,民办
1122,遵义医科大学医学与科技学院,4152013653,贵州省教育厅,遵义市,本科,民办
1123,贵州医科大学神奇民族医药学院,4152013676,贵州省教育厅,贵阳市,本科,民办
1124,贵州师范学院,4152014223,贵州省,贵阳市,本科,
1125,贵州理工学院,4152014440,贵州省,贵阳市,本科,
1126,茅台学院,4152014625,贵州省教育厅,遵义市,本科,民办
1127,云南大学,4153010673,云南省,昆明市,本科,
1128,昆明理工大学,4153010674,云南省,昆明市,本科,
1129,云南农业大学,4153010676,云南省,昆明市,本科,
1130,西南林业大学,4153010677,云南省,昆明市,本科,
1131,昆明医科大学,4153010678,云南省,昆明市,本科,
1132,大理大学,4153010679,云南省,大理白族自治州,本科,
1133,云南中医药大学,4153010680,云南省,昆明市,本科,
1134,云南师范大学,4153010681,云南省,昆明市,本科,
1135,昭通学院,4153010683,云南省,昭通市,本科,
1136,曲靖师范学院,4153010684,云南省,曲靖市,本科,
1137,普洱学院,4153010685,云南省,普洱市,本科,
1138,保山学院,4153010686,云南省,保山市,本科,
1139,红河学院,4153010687,云南省,红河哈尼族彝族自治州,本科,
1140,云南财经大学,4153010689,云南省,昆明市,本科,
1141,云南艺术学院,4153010690,云南省,昆明市,本科,
1142,云南民族大学,4153010691,云南省,昆明市,本科,
1143,玉溪师范学院,4153011390,云南省,玉溪市,本科,
1144,楚雄师范学院,4153011391,云南省,楚雄彝族自治州,本科,
1145,云南警官学院,4153011392,云南省,昆明市,本科,
1146,昆明学院,4153011393,云南省,昆明市,本科,
1147,文山学院,4153011556,云南省,文山壮族苗族自治州,本科,
1148,云南经济管理学院,4153012560,云南省教育厅,昆明市,本科,民办
1149,云南大学滇池学院,4153013326,云南省教育厅,昆明市,本科,民办
1150,云南大学旅游文化学院,4153013328,云南省教育厅,丽江市,本科,民办
1151,昆明理工大学津桥学院,4153013329,云南省教育厅,昆明市,本科,民办
1152,云南师范大学商学院,4153013330,云南省教育厅,昆明市,本科,民办
1153,云南师范大学文理学院,4153013331,云南省教育厅,昆明市,本科,民办
1154,昆明医科大学海源学院,4153013332,云南省教育厅,昆明市,本科,民办
1155,云南艺术学院文华学院,4153013333,云南省教育厅,昆明市,本科,民办
1156,云南工商学院,4153013909,云南省教育厅,昆明市,本科,民办
1157,滇西科技师范学院,4153014092,云南省,临沧市,本科,
1158,滇西应用技术大学,4153014623,云南省,大理市,本科,
1159,西藏农牧学院,4154010693,西藏自治区,林芝市,本科,
1160,西藏大学,4154010694,西藏自治区,拉萨市,本科,
1161,西藏民族大学,4154010695,西藏自治区,咸阳市,本科,
1162,西藏藏医药大学,4154010696,西藏自治区,拉萨市,本科,
1163,西北大学,4161010697,陕西省,西安市,本科,
1164,西安交通大学,4161010698,教育部,西安市,本科,
1165,西北工业大学,4161010699,工业和信息化部,西安市,本科,
1166,西安理工大学,4161010700,陕西省,西安市,本科,
1167,西安电子科技大学,4161010701,教育部,西安市,本科,
1168,西安工业大学,4161010702,陕西省,西安市,本科,
1169,西安建筑科技大学,4161010703,陕西省,西安市,本科,
1170,西安科技大学,4161010704,陕西省,西安市,本科,
1171,西安石油大学,4161010705,陕西省,西安市,本科,
1172,陕西科技大学,4161010708,陕西省,西安市,本科,
1173,西安工程大学,4161010709,陕西省,西安市,本科,
1174,长安大学,4161010710,教育部,西安市,本科,
1175,西北农林科技大学,4161010712,教育部,咸阳市,本科,
1176,陕西中医药大学,4161010716,陕西省,咸阳市,本科,
1177,陕西师范大学,4161010718,教育部,西安市,本科,
1178,延安大学,4161010719,陕西省,延安市,本科,
1179,陕西理工大学,4161010720,陕西省,汉中市,本科,
1180,宝鸡文理学院,4161010721,陕西省,宝鸡市,本科,
1181,咸阳师范学院,4161010722,陕西省,咸阳市,本科,
1182,渭南师范学院,4161010723,陕西省,渭南市,本科,
1183,西安外国语大学,4161010724,陕西省,西安市,本科,
1184,西北政法大学,4161010726,陕西省,西安市,本科,
1185,西安体育学院,4161010727,陕西省,西安市,本科,
1186,西安音乐学院,4161010728,陕西省,西安市,本科,
1187,西安美术学院,4161010729,陕西省,西安市,本科,
1188,西安文理学院,4161011080,陕西省,西安市,本科,
1189,榆林学院,4161011395,陕西省,榆林市,本科,
1190,商洛学院,4161011396,陕西省,商洛市,本科,
1191,安康学院,4161011397,陕西省,安康市,本科,
1192,西安培华学院,4161011400,陕西省教育厅,西安市,本科,民办
1193,西安财经大学,4161011560,陕西省,西安市,本科,
1194,西安邮电大学,4161011664,陕西省,西安市,本科,
1195,西安航空学院,4161011736,陕西省,西安市,本科,
1196,西安医学院,4161011840,陕西省,西安市,本科,
1197,西安欧亚学院,4161012712,陕西省教育厅,西安市,本科,民办
1198,西安外事学院,4161012713,陕西省教育厅,西安市,本科,民办
1199,西安翻译学院,4161012714,陕西省教育厅,西安市,本科,民办
1200,西京学院,4161012715,陕西省教育厅,西安市,本科,民办
1201,西安思源学院,4161013121,陕西省教育厅,西安市,本科,民办
1202,陕西国际商贸学院,4161013123,陕西省教育厅,咸阳市,本科,民办
1203,陕西服装工程学院,4161013125,陕西省教育厅,咸阳市,本科,民办
1204,西安交通工程学院,4161013569,陕西省教育厅,西安市,本科,民办
1205,西安交通大学城市学院,4161013677,陕西省教育厅,西安市,本科,民办
1206,西北大学现代学院,4161013678,陕西省教育厅,西安市,本科,民办
1207,西安建筑科技大学华清学院,4161013679,陕西省教育厅,西安市,本科,民办
1208,西安财经大学行知学院,4161013680,陕西省教育厅,西安市,本科,民办
1209,陕西科技大学镐京学院,4161013681,陕西省教育厅,咸阳市,本科,民办
1210,西安工商学院,4161013682,陕西省教育厅,西安市,本科,民办
1211,延安大学西安创新学院,4161013683,陕西省教育厅,西安市,本科,民办
1212,西安电子科技大学长安学院,4161013685,陕西省教育厅,西安市,本科,民办
1213,西安汽车职业大学,4161013738,陕西省教育厅,西安市,本科,民办
1214,西安明德理工学院,4161013894,陕西省教育厅,西安市,本科,民办
1215,西安信息职业大学,4161014030,陕西省教育厅,西安市,本科,民办
1216,长安大学兴华学院,4161014034,陕西省教育厅,西安市,本科,民办
1217,西安理工大学高科学院,4161014041,陕西省教育厅,西安市,本科,民办
1218,西安科技大学高新学院,4161014042,陕西省教育厅,西安市,本科,民办
1219,陕西学前师范学院,4161014390,陕西省,西安市,本科,
1220,兰州大学,4162010730,教育部,兰州市,本科,
1221,兰州理工大学,4162010731,甘肃省,兰州市,本科,
1222,兰州交通大学,4162010732,甘肃省,兰州市,本科,
1223,甘肃农业大学,4162010733,甘肃省,兰州市,本科,
1224,甘肃中医药大学,4162010735,甘肃省,兰州市,本科,
1225,西北师范大学,4162010736,甘肃省,兰州市,本科,
1226,兰州城市学院,4162010737,甘肃省,兰州市,本科,
1227,陇东学院,4162010738,甘肃省,庆阳市,本科,
1228,天水师范学院,4162010739,甘肃省,天水市,本科,
1229,河西学院,4162010740,甘肃省,张掖市,本科,
1230,兰州财经大学,4162010741,甘肃省,兰州市,本科,
1231,西北民族大学,4162010742,国家民委,兰州市,本科,
1232,甘肃政法大学,4162011406,甘肃省,兰州市,本科,
1233,甘肃民族师范学院,4162011561,甘肃省,甘南藏族自治州,本科,
1234,兰州文理学院,4162011562,甘肃省,兰州市,本科,
1235,甘肃医学院,4162011805,甘肃省,平凉市,本科,
1236,兰州工业学院,4162011807,甘肃省,兰州市,本科,
1237,西北师范大学知行学院,4162013510,甘肃省教育厅,兰州市,本科,民办
1238,兰州财经大学陇桥学院,4162013511,甘肃省教育厅,兰州市,本科,民办
1239,兰州财经大学长青学院,4162013512,甘肃省教育厅,兰州市,本科,民办
1240,兰州交通大学博文学院,4162013514,甘肃省教育厅,兰州市,本科,民办
1241,兰州理工大学技术工程学院,4162013515,甘肃省教育厅,兰州市,本科,民办
1242,青海大学,4163010743,青海省,西宁市,本科,
1243,青海师范大学,4163010746,青海省,西宁市,本科,
1244,青海民族大学,4163010748,青海省,西宁市,本科,
1245,青海大学昆仑学院,4163013674,青海省教育厅,西宁市,本科,民办
1246,宁夏大学,4164010749,宁夏回族自治区,银川市,本科,
1247,宁夏医科大学,4164010752,宁夏回族自治区,银川市,本科,
1248,宁夏师范学院,4164010753,宁夏回族自治区,固原市,本科,
1249,北方民族大学,4164011407,国家民委,银川市,本科,
1250,宁夏理工学院,4164012544,宁夏自治区教育厅,石嘴山市,本科,民办
1251,宁夏大学新华学院,4164013325,宁夏自治区教育厅,银川市,本科,民办
1252,银川能源学院,4164013820,宁夏自治区教育厅,银川市,本科,民办
1253,中国矿业大学银川学院,4164014200,宁夏自治区教育厅,银川市,本科,民办
1254,新疆大学,4165010755,新疆维吾尔自治区,乌鲁木齐市,本科,
1255,塔里木大学,4165010757,新疆生产建设兵团,阿拉尔市,本科,
1256,新疆农业大学,4165010758,新疆维吾尔自治区,乌鲁木齐市,本科,
1257,石河子大学,4165010759,新疆生产建设兵团,石河子市,本科,
1258,新疆医科大学,4165010760,新疆维吾尔自治区,乌鲁木齐市,本科,
1259,新疆师范大学,4165010762,新疆维吾尔自治区,乌鲁木齐市,本科,
1260,喀什大学,4165010763,新疆维吾尔自治区,喀什地区,本科,
1261,伊犁师范大学,4165010764,新疆维吾尔自治区,伊犁哈萨克自治州,本科,
1262,新疆财经大学,4165010766,新疆维吾尔自治区,乌鲁木齐市,本科,
1263,新疆艺术学院,4165010768,新疆维吾尔自治区,乌鲁木齐市,本科,
1264,新疆工程学院,4165010994,新疆维吾尔自治区,乌鲁木齐市,本科,
1265,昌吉学院,4165010997,新疆维吾尔自治区,昌吉回族自治州,本科,
1266,新疆警察学院,4165012734,新疆维吾尔自治区,乌鲁木齐市,本科,
1267,新疆理工学院,4165013558,新疆维吾尔自治区,阿克苏地区,本科,
1268,新疆农业大学科学技术学院,4165013559,新疆自治区教育厅,乌鲁木齐市,本科,民办
1269,新疆医科大学厚博学院,4165013560,新疆自治区教育厅,乌鲁木齐市,本科,民办
1270,新疆科技学院,4165013561,新疆维吾尔自治区,巴音郭楞蒙古自治州,本科,
1271,石河子大学科技学院,4165013628,新疆生产建设兵团教育局,石河子市,本科,民办
1272,新疆天山职业技术大学,4165013727,新疆自治区教育厅,乌鲁木齐市,本科,民办
